iter,addr,http_status,wall_seconds
1,b270417fa1452f037c8fc880677cea8801087c9c458dd7326db02f3f471599ae,503,6.770126
2,f3d965b68eb59e1a4aff71d6599552b82490c2042be7ae3d0fe7f76479500ad6,503,6.610963
3,80a91dc1c776ddd6ee3fc643a0e48f4ad9c6a100a2d8bbf8bb5815d58232f2ba,503,6.709158
4,983e5143a7efc96dc60b4060c2dd09480bb52daf210f232660ad303b824fcb85,503,6.742771
5,50a3bacbfffd4d7cc6809d69e944ddd6f5a2f22b15ce748d9f7864f41fb87d3b,503,6.871675
6,9d60d94ae0c767ee8cf10a49ffbfc020ee2bcab93020d74ba3aafd328b6c8f1c,503,6.939448
7,100335a96f06848fed22b2e6f85667aed6eab9b68bf3d42958741710bc8f98ab,503,6.990326
8,4a97303326516fd021286939b6f95cd936f0d2367ff4b08eb84880f414cfa79f,503,6.988013
9,de2aac71c9112d6f86d4e491bc4758f3c0d758157da54110fbdd90d6e40feb0b,503,7.049042
10,15872ff69a7bd55a3c4fdae51c7c828687e1e7e43ad03a7a54a453d0d7cb8130,503,7.117573
